Lorem ipsum dolor sit amet, consectetur adipiscing elit. Nulla diam urna, semper eget elit sit amet, pulvinar venenatis lorem. Suspendisse purus mi, auctor eu odio eu, condimentum gravida sapien. Morbi id tortor massa. Mauris in neque nec velit rhoncus porta id eget risus. Vestibulum ut tincidunt nisi, a ornare leo. Vestibulum aliquam id tortor ut rutrum. Sed eget vestibulum nisl. Fusce non felis non purus congue sollicitudin ac nec lacus. In hac habitasse platea dictumst. Interdum et malesuada fames ac ante ipsum primis in faucibus. Nam vitae lorem erat. In hac habitasse platea dictumst.

Proin sit amet laoreet mi, porta luctus augue. Curabitur euismod iaculis turpis, in commodo ex auctor in. Curabitur quis ex magna. Pellentesque quis eros ut est tincidunt luctus. Class aptent taciti sociosqu ad litora torquent per conubia nostra, per inceptos himenaeos. Nullam feugiat metus sit amet porttitor consequat. Nunc ornare sagittis lorem, non eleifend purus auctor in.

Vivamus lacinia faucibus lacus eget consectetur. Maecenas ut euismod tellus. Aenean ut ante hendrerit, viverra sem ac, laoreet leo. Nulla ullamcorper justo metus, non mollis metus feugiat non. Maecenas eu nisl vehicula, placerat dui quis, placerat ex. Donec pellentesque sollicitudin enim, non imperdiet nisi malesuada at. Donec faucibus odio dolor, id tincidunt metus varius luctus. Suspendisse a leo sed leo tincidunt rhoncus at vel lectus. Fusce pellentesque odio vitae augue porta, a ullamcorper tortor euismod. Nulla in nibh nec risus lobortis dignissim at ut tellus. Aliquam pharetra nisi magna, eu porta tortor mollis id. Praesent nec diam nisi. Donec interdum accumsan purus at ornare. Class aptent taciti sociosqu ad litora torquent per conubia nostra, per inceptos himenaeos. Etiam ultrices, dui eu condimentum commodo, enim neque tristique est, eu finibus mi sem eget justo.

Mauris tellus lacus, gravida ac augue id, suscipit cursus nisl. In odio est, facilisis pretium lorem aliquam, hendrerit iaculis ante. Nunc condimentum consequat est, eget pharetra sem facilisis nec. Donec suscipit viverra metus, ut fringilla nunc blandit at. Donec mattis eu arcu vel sagittis. Sed pharetra pretium leo, ut euismod nisl ullamcorper a. Aenean condimentum purus vel diam molestie dapibus. Quisque hendrerit malesuada sem, at mattis leo aliquam at. Nullam ac nulla et nulla mattis vulputate. Integer fringilla est eget porttitor feugiat. Cum sociis natoque penatibus et magnis dis parturient montes, nascetur ridiculus mus. Ut accumsan, nibh vitae vehicula dignissim, nisi urna consectetur nibh, at accumsan dui urna non urna.

Duis ac nisi justo. Sed semper egestas velit, sed lobortis felis semper ut. Nulla ut convallis ante, tempor semper odio. Proin blandit gravida sagittis. Ut accumsan lectus eros, quis mollis ipsum mattis et. Nunc tristique a arcu non aliquet. Nulla et ultrices felis. Integer feugiat ante eget est fringilla fermentum. Fusce maximus posuere sem, quis cursus quam rhoncus ut. Vivamus vitae diam id turpis porta mollis ut a augue. Integer efficitur eros sed elit cursus, ut faucibus velit sollicitudin. Ut dapibus, magna ut maximus gravida, mauris nulla facilisis diam, at luctus nisi dolor convallis tellus. Sed nec sem dignissim, commodo est nec, vehicula neque. Cum sociis natoque penatibus et magnis dis parturient montes, nascetur ridiculus mus. Nulla tristique dolor vitae quam dictum finibus. Aenean luctus purus at felis mattis condimentum.

Nullam lobortis venenatis massa, vestibulum consequat erat malesuada non. Duis nunc mi, sodales dignissim est id, posuere ornare lacus. Mauris lobortis malesuada ex, at elementum velit rutrum eget. Curabitur vel mi quis enim malesuada consectetur. Etiam a imperdiet diam. Aliquam interdum lectus ligula. Phasellus vulputate erat vel varius hendrerit. Aenean cursus ultrices ullamcorper. Pellentesque eu feugiat orci. Nam accumsan at lacus quis ultricies. Fusce mollis justo eget metus bibendum, id venenatis dui hendrerit. Donec rhoncus neque nec dui posuere, nec condimentum libero semper.

In laoreet tincidunt pharetra. Aliquam ac tortor justo. Donec posuere facilisis justo in pharetra. Nullam non fringilla quam. Nunc ullamcorper vitae diam at varius. Cum sociis natoque penatibus et magnis dis parturient montes, nascetur ridiculus mus. Praesent mattis leo erat, eu hendrerit ante euismod in. Vivamus a lectus turpis. Morbi varius laoreet ultrices. Ut consequat orci in eros luctus, eget semper eros pellentesque. Vivamus sit amet turpis odio. Maecenas tristique lectus in enim vehicula, et molestie orci porttitor. Nunc vitae pellentesque nulla. Curabitur et dapibus felis. Nulla eu tempus urna, ut ullamcorper lorem. Proin tincidunt sem leo, vel tristique felis tincidunt ac.

Suspendisse faucibus justo in purus sagittis volutpat. Mauris non arcu orci. Morbi venenatis risus at tellus egestas, dignissim dictum ligula blandit. Proin in metus erat. Donec ac ex cursus, tincidunt velit et, sollicitudin risus. Integer non lorem odio. Vivamus nisi risus, pretium eu sollicitudin sed, posuere sit amet felis. Vestibulum efficitur felis eu nisl feugiat finibus at ac sem. Mauris tellus lacus, lacinia id blandit vitae, sodales vel orci. Ut eget pulvinar lorem. Vestibulum ligula risus, finibus a arcu ac, consectetur vestibulum nunc.

Interdum et malesuada fames ac ante ipsum primis in faucibus. Interdum et malesuada fames ac ante ipsum primis in faucibus. Nam rhoncus urna in vulputate semper. Morbi nulla arcu, sagittis vel aliquet in, luctus ut dui. Pellentesque sed scelerisque diam, sit amet aliquam ante. Vestibulum quis lectus in sapien suscipit auctor. Maecenas accumsan quis massa sed accumsan. Vivamus fringilla odio ante.

Sed gravida porttitor faucibus. Donec finibus quis turpis a consequat. Proin pretium nibh massa, sed fermentum libero accumsan eu. Aliquam pretium neque vel gravida consequat. Duis in nulla lectus. Aliquam a odio eros. Quisque ac arcu lorem. Aenean enim felis, interdum ac cursus iaculis, lobortis ut metus. Donec fermentum est ut placerat facilisis. Duis vel eros condimentum, mollis ipsum nec, tempus augue.

Maecenas sit amet ullamcorper felis. Sed dolor urna, rutrum quis elementum quis, ornare at odio. Duis semper arcu id lacus blandit, id viverra turpis rhoncus. Nulla congue placerat quam at iaculis. Maecenas ligula nisi, semper eu dui eu, tincidunt dignissim velit. Duis imperdiet semper imperdiet. Sed maximus augue at lacinia tempor. Suspendisse pharetra eu lacus vulputate convallis. Mauris vitae blandit mauris. Donec ac magna massa. Suspendisse sed fringilla lacus. Pellentesque tempor tincidunt lectus non eleifend. Phasellus lectus velit, tempor sed dignissim nec, ullamcorper in massa.

Suspendisse in est nisl. Suspendisse potenti. Aenean euismod imperdiet accumsan. Suspendisse ultrices tincidunt libero, vitae fringilla odio. In sed lacus ullamcorper, efficitur elit eu, rutrum turpis. Suspendisse rhoncus erat sed nisi feugiat convallis. Mauris quis iaculis dolor, non ultrices eros. In hac habitasse platea dictumst. Quisque mattis interdum mauris, sit amet auctor dolor posuere sed. Aenean venenatis turpis et hendrerit commodo. Vestibulum ac libero odio. Vestibulum ac sodales dolor. Donec ut maximus lacus, ac dapibus orci. Vivamus porta eros eu nibh suscipit, at ornare mi volutpat. Aliquam erat volutpat.

Aenean sed nibh non lectus ornare ultrices nec eget turpis. Nam sagittis dolor et feugiat feugiat. Cras faucibus dignissim pharetra. Sed tempus nulla vitae semper tempus. Nulla laoreet augue eget fermentum posuere. Phasellus mattis id felis sed eleifend. Nulla urna orci, lobortis et ligula eget, volutpat placerat lectus. Donec a tempus dolor. Suspendisse potenti. Mauris sed venenatis nulla. Curabitur eget tincidunt est. Maecenas fringilla interdum semper. Nunc eu turpis vel ante facilisis congue. Lorem ipsum dolor sit amet, consectetur adipiscing elit. Aenean a quam eu ante suscipit volutpat.

Nulla in pellentesque lacus. Praesent sed ultrices purus. In non lectus ipsum. Nunc laoreet mollis dui eu auctor. Integer dictum ipsum lorem, dignissim cursus nisi mattis a. Sed suscipit ante vitae risus tincidunt, rhoncus ullamcorper mauris ultricies. Etiam sed rutrum nisi. In ut turpis neque. Vivamus mattis dapibus purus. Aenean ut dignissim est. Cum sociis natoque penatibus et magnis dis parturient montes, nascetur ridiculus mus. Maecenas efficitur purus vel dui aliquet, commodo suscipit tellus luctus. Curabitur finibus aliquet ante, sed ultrices lacus porta quis. Nulla at dapibus ex, ut accumsan orci.

Cras non tincidunt ipsum. Mauris et neque ante. Vivamus et libero in mi dapibus suscipit at convallis nulla. Suspendisse non enim faucibus, dapibus odio in, consequat est. Sed nec tellus et mauris blandit mollis. Maecenas porta lacus sed nunc efficitur rhoncus. Aenean at nisi porta, dictum tortor ut, pharetra mi. Curabitur vitae semper sapien. Vestibulum eget diam pretium, congue mi id, mollis sem. Vestibulum ante ipsum primis in faucibus orci luctus et ultrices posuere cubilia Curae; Interdum et malesuada fames ac ante ipsum primis in faucibus. In lacinia purus id libero tempus, nec ornare arcu hendrerit. Vestibulum elementum leo sed leo rutrum dictum.

Etiam velit ligula, faucibus quis ultrices at, scelerisque euismod ipsum. Aenean at porta nunc. Cum sociis natoque penatibus et magnis dis parturient montes, nascetur ridiculus mus. Nam vehicula, diam vitae luctus hendrerit, purus ligula lobortis odio, id imperdiet augue dolor nec ex. Aenean non odio ultrices, lobortis turpis sodales, tempus justo. Etiam lacus mi, viverra quis aliquet sit amet, viverra et nibh. Phasellus est ante, tempor bibendum erat id, gravida faucibus augue. Nunc metus ex, cursus vel accumsan nec, sollicitudin quis urna. Vivamus non malesuada erat. Quisque nec tellus nec metus aliquam convallis a sit amet erat. Praesent eget massa in elit efficitur volutpat eu eu felis.

Morbi bibendum arcu leo, ac hendrerit orci consequat sed. Etiam et neque malesuada, rutrum nibh vel, sodales massa. Vivamus libero metus, porttitor non sodales a, rutrum ullamcorper arcu. In sollicitudin dapibus lectus sed imperdiet. Fusce lobortis mauris ac metus aliquet, id eleifend nisl varius. Cras aliquam dolor nunc, eu condimentum mi mattis et. Nam et feugiat diam. Curabitur accumsan, mi ac posuere bibendum, enim mi consequat purus, quis mollis diam nunc in ligula. Cum sociis natoque penatibus et magnis dis parturient montes, nascetur ridiculus mus. Integer quam risus, scelerisque id lorem nec, posuere condimentum diam.

Cras tincidunt sem fringilla pulvinar dapibus. Aliquam erat volutpat. Curabitur in nibh turpis. Sed mattis mi non est mattis sollicitudin. Morbi sed erat et mauris condimentum dapibus. Aenean diam massa, imperdiet in elit eu, interdum malesuada eros. Praesent pellentesque neque et sem euismod, quis dignissim sapien commodo. Sed eget lacinia quam, sit amet lobortis massa. Fusce vel velit fermentum, placerat est at, condimentum dui. Proin ullamcorper nisi condimentum nulla condimentum euismod. Pellentesque habitant morbi tristique senectus et netus et malesuada fames ac turpis egestas. Ut libero mauris, aliquam sit amet posuere ac, efficitur quis dolor. Praesent congue justo gravida sapien varius, sit amet condimentum sem consequat. Vivamus quis sapien ligula. Curabitur non dolor quis tellus placerat pharetra in vel magna. Donec feugiat sem in pellentesque tempor.

In eget nisl mollis lorem ornare dictum. Proin non purus egestas, laoreet sapien ut, tristique tellus. Vestibulum et ornare lectus. Aenean eget turpis turpis. Cras ante nisi, vulputate vestibulum egestas quis, convallis ac neque. Sed et libero sit amet nisl lacinia ornare. Nulla egestas diam erat, vel accumsan nulla ullamcorper ut. Donec condimentum diam non leo imperdiet, ac facilisis diam placerat. Donec eu lacinia eros. Pellentesque porttitor, quam sed iaculis fringilla, justo diam rhoncus ex, sit amet pulvinar dui nisl vitae lacus. Aliquam risus lectus, sagittis et massa ac, viverra ornare nisl. Vestibulum tempus porttitor ligula, eu consectetur nulla ornare nec. Phasellus augue orci, convallis in dolor at, congue tristique nunc.

Nam a sapien est. Nullam at elementum massa, vitae lacinia nisl. Aliquam commodo lacinia risus ac varius. Curabitur quis nunc aliquet, aliquam nisi in, viverra lacus. Curabitur a vulputate tellus. Pellentesque id volutpat lacus. Proin aliquam neque diam, vel venenatis massa gravida in. Lorem ipsum dolor sit amet, consectetur adipiscing elit. Vivamus imperdiet, quam eu cursus sagittis, neque massa commodo orci, a elementum magna leo et ipsum. Sed semper elit sit amet consectetur mollis.

Nunc vel nisi ex. Duis aliquam erat et ante tempus, id suscipit tellus mattis. Suspendisse turpis odio, cursus ut orci scelerisque, egestas pharetra elit. Vestibulum vestibulum nec metus nec maximus. Etiam at scelerisque libero. Morbi diam nunc, laoreet interdum pulvinar at, elementum nec ante. Curabitur vitae elementum tortor. Mauris et suscipit nunc. In eros ipsum, tristique eu neque ut, faucibus pellentesque erat. Aliquam viverra consectetur dui elementum vehicula. Pellentesque volutpat urna sed erat ullamcorper, ut blandit leo vehicula. Morbi ex ipsum, finibus convallis vulputate id, porta non mi.

Nunc viverra auctor sodales. Integer malesuada scelerisque leo, nec scelerisque libero auctor at. In ornare non lorem ut varius. Vivamus pellentesque tellus vitae porta lobortis. Class aptent taciti sociosqu ad litora torquent per conubia nostra, per inceptos himenaeos. Etiam at fringilla lectus. Cras dictum suscipit malesuada. Donec lacinia laoreet vestibulum. Praesent tristique ultricies sem, et semper eros mattis id. Cras id pharetra dui, eu viverra felis. Integer porta est sed ipsum laoreet suscipit. Donec sed sodales neque. Nunc commodo enim ipsum, in tempor arcu viverra a. Pellentesque a velit eu ex sodales varius ac vitae augue. Vestibulum facilisis facilisis libero, ac eleifend arcu fermentum sit amet. Morbi id cursus nisi.

Integer ac orci ex. Nam pellentesque metus non condimentum pellentesque. Vestibulum tincidunt efficitur scelerisque. Fusce ex neque, hendrerit et ipsum at, pharetra rutrum lacus. Phasellus lectus massa, ullamcorper ultricies varius vitae, molestie vel nulla. In volutpat dignissim leo, et ornare metus dignissim sed. Mauris id ultrices turpis. Sed sit amet placerat nunc. Curabitur pulvinar, risus in rhoncus eleifend, nibh justo luctus odio, congue interdum mauris libero non lectus. Nulla sit amet sem mattis, iaculis velit vel, suscipit leo. Etiam nec ante a arcu luctus faucibus at vitae leo. In vitae mi pellentesque augue pellentesque tristique. Pellentesque condimentum eu mauris nec eleifend. Nullam condimentum urna quis eros luctus iaculis.

Proin mi erat, semper quis fermentum at, sodales nec orci. Donec rhoncus lacus vitae mauris luctus pretium. Integer vehicula arcu venenatis risus commodo, eu ultrices mauris aliquet. Suspendisse nec dolor id eros tincidunt hendrerit et non neque. Phasellus hendrerit rhoncus eros, eu tincidunt est laoreet eu. Maecenas scelerisque erat vitae euismod ultricies. Pellentesque malesuada id neque viverra convallis. In sed cursus ante. Donec tempor dolor libero, tempus convallis nisi mollis non. Morbi ut ligula sollicitudin, porta diam at, rutrum urna. Nam viverra pellentesque auctor. Aenean ultrices est vitae nulla pretium, nec fermentum quam elementum. Interdum et malesuada fames ac ante ipsum primis in faucibus. Vestibulum nibh odio, laoreet a iaculis efficitur, lacinia id elit. Aliquam rhoncus scelerisque sem eu dignissim.

Fusce placerat enim risus, et consectetur est imperdiet volutpat. Vestibulum fringilla molestie rutrum. Morbi fringilla molestie blandit. Nullam arcu libero, cursus et mi eu, dignissim lacinia libero. Donec interdum nunc purus, vitae pretium elit tristique vel. Nullam malesuada nunc quis massa feugiat elementum. Nullam vel porttitor mauris. Proin cursus pulvinar enim eget consequat. Quisque lectus arcu, pellentesque vel magna nec, scelerisque dignissim urna. Nullam a dui nec est hendrerit iaculis a vel dolor.

Quisque pulvinar libero tempor dui tristique, a efficitur nisl placerat. Sed euismod aliquet nibh at vestibulum. Curabitur id mollis orci. Proin vehicula, augue eu viverra iaculis, lectus nisi hendrerit mi, a semper libero libero sit amet orci. Donec tempor nunc quis enim dignissim rhoncus eget sit amet turpis. Fusce efficitur lacus ut velit pretium, quis rhoncus erat venenatis. Fusce sagittis magna vitae magna faucibus, ut pretium ipsum convallis. Donec malesuada lacus non lectus ultrices, et dictum justo blandit. In nec cursus ante, eu ultrices tellus. Sed auctor nulla vitae dolor eleifend congue. Vestibulum eu arcu leo. Praesent eget sagittis diam. Duis nec tortor ornare, gravida elit id, imperdiet leo. Morbi mattis tortor in justo vehicula, nec efficitur felis ullamcorper. Ut ac egestas risus.

Pellentesque convallis metus auctor nisl dapibus, eget viverra metus efficitur. Curabitur congue porta nunc molestie bibendum. Phasellus consectetur diam sed pretium imperdiet. Donec a varius odio. Quisque ornare pretium hendrerit. Nunc iaculis orci vitae tellus bibendum, ac varius purus blandit. Nulla pretium neque mi, ut maximus enim facilisis vitae. Nam sed facilisis sem. Nam mi nunc, sollicitudin id iaculis ut, lacinia nec metus.

Nulla facilisi. In nec dapibus tellus. Proin egestas et leo eu tincidunt. Maecenas consequat nulla quis vulputate sagittis. Vivamus in diam vitae mi ultricies faucibus et at elit. Pellentesque scelerisque quam enim. Ut iaculis, nibh quis pellentesque interdum, metus ipsum consectetur nunc, ac scelerisque justo turpis a eros. Morbi rutrum odio id massa lobortis eleifend. Phasellus maximus felis at erat ultrices lobortis vel non dui. Integer fringilla consectetur quam. Nulla vitae ligula eu justo scelerisque aliquam vel eget lorem. Nulla at enim nec diam consectetur ultrices. Cum sociis natoque penatibus et magnis dis parturient montes, nascetur ridiculus mus.

Morbi tincidunt massa ac nisl ultrices finibus. Aliquam fermentum ac ante fringilla aliquet. Cum sociis natoque penatibus et magnis dis parturient montes, nascetur ridiculus mus. Vestibulum purus augue, hendrerit quis nunc et, faucibus volutpat nulla. In hac habitasse platea dictumst. Vivamus placerat pellentesque urna, ac gravida nunc egestas non. Mauris varius metus nibh, sed tincidunt libero pellentesque eget. Fusce accumsan lacus orci, et faucibus diam elementum in. Etiam pulvinar vestibulum est id varius. Morbi posuere, neque ut pharetra elementum, mi urna semper ex, sit amet condimentum nunc mi non velit.

Quisque fringilla ipsum id felis ultrices, sit amet tempus est eleifend. In non rutrum ante. Donec a mauris at nibh volutpat viverra at sed est. Phasellus in porta risus. Nulla feugiat est neque, sit amet congue ipsum ultricies eget. Pellentesque placerat auctor elit sit amet porta. Etiam ut sapien libero. Etiam quis enim id turpis fermentum tincidunt ac ut tellus. Suspendisse feugiat bibendum turpis et finibus. Sed ultrices accumsan ipsum consequat cursus. Curabitur sapien diam, cursus id imperdiet sit amet, iaculis facilisis lectus. Integer placerat tempus sem, sed gravida ex elementum nec.

Cras aliquet, dui ac lobortis ultrices, sem ex vulputate ante, ac tincidunt urna justo eget dolor. Proin molestie ipsum nec metus pharetra suscipit. Ut eros lectus, luctus ac magna ac, pellentesque suscipit ex. In eget pulvinar mi, at fringilla mi. Donec sit amet elit ut mi semper malesuada. Proin auctor mi condimentum, laoreet lorem nec, condimentum velit. Nullam interdum lorem a elementum ullamcorper. Maecenas laoreet tempus urna, in elementum sapien iaculis id. Sed ut nulla non justo consectetur condimentum vel nec quam. Fusce auctor eros nulla, in varius tortor tempus non. Nullam justo lorem, accumsan tristique tempus id, interdum eu lorem. Ut volutpat eros ac tincidunt tempus. Donec ut semper lacus, id mattis justo. Mauris quis pellentesque enim.

Vivamus consectetur mi velit, a euismod metus tincidunt volutpat. Donec mi augue, condimentum ut lacinia ut, suscipit et dui. Maecenas nec vehicula lacus. Praesent dolor arcu, semper et ultricies sit amet, efficitur et nunc. Maecenas imperdiet arcu elementum tortor rhoncus sodales. Nam tincidunt facilisis elit, id tincidunt massa egestas in. Aenean vitae libero pretium, congue tellus in, pulvinar arcu. Mauris id leo id lacus porttitor vestibulum ac ac turpis. Nam sed arcu lacus.

Pellentesque commodo, velit sollicitudin dapibus ornare, felis turpis porta est, id gravida sem ante sed augue. Vestibulum efficitur tristique tortor nec porttitor. Nullam at tortor dolor. Curabitur tempor quam ipsum. Nunc varius pharetra mauris, id vulputate enim sagittis ac. Maecenas mauris elit, ultrices eget lobortis a, elementum vitae dui. Proin mattis lacinia tellus, ut pulvinar ante pellentesque at. Integer eget tellus quis lacus posuere maximus. Sed porttitor gravida ultricies.

Nam cursus tristique mauris, vel cursus quam porttitor congue. Sed ac tortor et nisl dictum fringilla sed at magna. In at nisi vel velit fermentum congue in sit amet orci. Vivamus iaculis felis nec metus tristique semper. Nullam fermentum tortor varius, aliquet nulla vitae, vulputate felis. Pellentesque scelerisque lacus in neque vulputate volutpat. Vivamus egestas ex faucibus purus ultrices dapibus. Pellentesque tempor congue mauris et gravida. Nullam ultricies vitae nisl et fermentum. Vivamus tristique, arcu nec fermentum volutpat, purus ex mollis metus, et pellentesque dolor neque convallis erat. Mauris id risus sit amet mauris suscipit auctor id in tortor. Vestibulum ullamcorper magna purus, sed varius tortor pulvinar et. Nulla dignissim ante id metus porttitor luctus.

Cras ultricies tortor id lacus mattis vestibulum. Fusce id auctor diam. Ut rutrum sapien non ligula porta, quis porttitor ex varius. Cras mattis dapibus neque, in facilisis ex gravida tincidunt. Maecenas fermentum tristique magna non faucibus. Nunc vel congue velit, sed pellentesque tellus. Suspendisse id nunc eu massa porta vulputate non eu enim. Nam eu nulla molestie sem interdum pulvinar eu nec nunc. Aliquam erat volutpat. Pellentesque dictum, felis et tincidunt convallis, urna nisi vulputate nunc, et semper est odio pretium nibh. Fusce eget fringilla purus. Donec velit dolor, pharetra eu consectetur mattis, ultrices quis neque. Etiam venenatis tortor eu tristique posuere. Quisque eleifend arcu ut justo luctus, ac vestibulum quam porttitor.

Nulla auctor dolor urna, a viverra quam dictum sit amet. In nisl nisl, rhoncus in nibh in, ornare varius velit. Suspendisse eros diam, pellentesque quis fringilla vel, sodales ac nisi. Maecenas rutrum arcu risus, non luctus elit bibendum in. Praesent ut gravida mi. Sed ut arcu eu nibh luctus porttitor. Donec sed tempus tortor. Nunc cursus est sit amet est ornare luctus. Ut rhoncus massa sit amet nulla egestas gravida.

Nam ac pharetra lectus. Nulla facilisi. Vestibulum lectus justo, pretium commodo semper id, euismod ut nunc. Maecenas arcu sem, ornare eu eleifend et, maximus in orci. Fusce cursus nunc non augue varius, vitae lobortis elit iaculis. Quisque et placerat turpis. Nunc tempus, sapien nec consequat maximus, mi sem faucibus eros, vel ultrices neque quam vitae eros. Sed vitae tortor eu eros aliquet egestas sed vitae odio. Sed mattis, nulla vitae vulputate lobortis, sapien lacus porttitor quam, sit amet tristique eros ipsum in nisi. Aenean sit amet mollis nulla, id elementum massa. Nullam ac nisl ultricies, tempor metus a, eleifend diam. Aliquam viverra ipsum vitae mauris luctus fringilla. Lorem ipsum dolor sit amet, consectetur adipiscing elit. Proin non nunc in quam consequat euismod. Nulla augue arcu, semper vitae egestas vitae, vulputate vitae velit.

Duis a diam non mauris aliquam auctor. Nunc diam justo, tempus ut laoreet quis, tempor et neque. Nullam dapibus, dui et bibendum scelerisque, augue turpis gravida eros, in cursus sem enim nec tellus. Maecenas blandit, est sed cursus posuere, ante dui scelerisque lorem, ac pretium neque mauris a urna. Phasellus vitae fermentum libero. Donec tincidunt nunc id ex tristique, eu viverra magna lacinia. Duis commodo sapien sit amet libero faucibus tempor.

Fusce quis neque eu elit pretium eleifend ut eget purus. Praesent sollicitudin orci odio, vitae eleifend urna pharetra non. Praesent ac dapibus turpis. Vestibulum neque massa, imperdiet at felis et, scelerisque vulputate ante. Nullam eget pretium sapien, a commodo justo. Donec iaculis, elit ac laoreet mattis, lorem enim mattis nisi, nec vestibulum massa nisl eget velit. Aenean volutpat urna molestie tincidunt condimentum. Maecenas accumsan enim id sem maximus faucibus. Suspendisse sit amet maximus lorem, eget posuere dui. Nulla facilisi. Phasellus ac dictum leo. Pellentesque habitant morbi tristique senectus et netus et malesuada fames ac turpis egestas. Class aptent taciti sociosqu ad litora torquent per conubia nostra, per inceptos himenaeos. Donec bibendum augue sit amet risus lacinia, quis suscipit ipsum iaculis. Aliquam id laoreet erat. Integer vel bibendum ante, ac dapibus est.

Curabitur efficitur ac sapien eu finibus. Maecenas vitae vehicula nunc. Class aptent taciti sociosqu ad litora torquent per conubia nostra, per inceptos himenaeos. Duis velit mi, aliquet sed maximus vitae, rhoncus eu arcu. Quisque ultrices ipsum at ex accumsan mattis. Integer id lacus eget nisi vulputate accumsan. Cras quis nulla quis nulla viverra rhoncus ac nec justo. Vestibulum quis ullamcorper dolor, in porta tortor. Donec volutpat convallis scelerisque. Suspendisse diam urna, venenatis in turpis sit amet, tempor luctus lectus. Lorem ipsum dolor sit amet, consectetur adipiscing elit. In hac habitasse platea dictumst. Nam scelerisque porta lobortis. Integer mattis sapien sit amet lectus pellentesque, nec posuere nisi eleifend.

Praesent ut faucibus erat. Sed luctus urna et tortor lacinia, eu fringilla turpis pellentesque. Vivamus laoreet nisi nec dui pellentesque tempor. Sed mollis eu elit nec convallis. Vestibulum in mollis enim. Maecenas scelerisque est eu metus sodales commodo. Quisque non ante non sapien maximus mattis sit amet eu odio. Vivamus purus ante, fermentum sit amet malesuada eu, elementum et purus. Fusce vel velit laoreet, lacinia leo eu, elementum leo. Mauris luctus quam quis urna ultrices, eu porttitor quam sodales. Nulla accumsan sagittis diam, bibendum tincidunt neque pharetra vel. Vivamus sit amet risus vel nulla finibus suscipit at eu libero. Morbi varius, orci vitae ornare viverra, sapien enim malesuada urna, sit amet feugiat lectus dolor vitae orci.

Aliquam quis lobortis odio, sed eleifend erat. Integer tempor quam eros, a placerat eros eleifend vitae. Aenean ornare non nibh nec faucibus. Sed ultrices fringilla aliquam. Sed augue enim, aliquet suscipit quam et, congue sagittis eros. Quisque imperdiet dictum leo, vitae laoreet augue consequat sit amet. Nullam quis nunc nec sem posuere volutpat.

Ut finibus condimentum turpis. Fusce suscipit massa quis felis finibus, id pharetra erat cursus. Quisque varius justo nisi, vel laoreet dolor pretium condimentum. Praesent tincidunt vestibulum finibus. Proin viverra velit in mi lobortis, vel pellentesque leo vehicula. Praesent dictum libero at felis fermentum auctor. Etiam iaculis pulvinar diam ut viverra. Nullam quis odio ornare ex rutrum imperdiet. Nunc feugiat eu urna eget congue. Aenean quis suscipit sapien. Duis nulla libero, rhoncus congue odio vel, dictum pretium metus. Nullam facilisis dui nec urna commodo malesuada eget nec lorem.

Etiam dictum eros lacus, consectetur placerat enim malesuada sit amet. Cras nibh justo, eleifend non consequat non, eleifend in diam. Aenean euismod vulputate fermentum. Phasellus quis purus sit amet purus maximus eleifend quis et tortor. Praesent mollis, massa molestie egestas interdum, odio orci aliquam arcu, ac venenatis nulla arcu sit amet velit. Nam bibendum nulla nulla, et egestas metus imperdiet a. Quisque facilisis, urna sit amet imperdiet feugiat, ligula ante scelerisque nulla, non porttitor ante metus nec augue. Suspendisse et velit a erat lacinia imperdiet. Suspendisse potenti. Curabitur eget fermentum ipsum. Duis interdum libero mauris, ac efficitur ipsum cursus non. Etiam sit amet viverra elit. Integer finibus augue et scelerisque ultrices. Phasellus massa nisl, dignissim vitae aliquam in, cursus ac sem. Duis commodo risus non cursus faucibus. Etiam pharetra massa sit amet ante tempor, eget suscipit massa venenatis.

Donec dignissim lacus sit amet lacus consectetur hendrerit. Integer placerat lorem nec fringilla pharetra. Nam metus magna, mattis non mauris in, luctus tincidunt nunc. Vestibulum ultricies lectus a suscipit egestas. In hac habitasse platea dictumst. Aenean imperdiet tellus ipsum, et sollicitudin ipsum eleifend a. Etiam ut vestibulum dolor. Maecenas eget justo interdum velit commodo suscipit et a nibh.

Ut dapibus cursus elit sed commodo. Morbi et nunc non magna molestie egestas. Vestibulum ante ipsum primis in faucibus orci luctus et ultrices posuere cubilia Curae; Integer magna metus, aliquam quis massa nec, viverra accumsan nulla. Aenean eu eros quis odio sagittis egestas sit amet ut tellus. Nullam vitae lacinia felis. Fusce laoreet, massa a vehicula vehicula, dui libero ultrices metus, sed gravida orci lorem sed quam. Pellentesque ut mi sit amet mi malesuada eleifend. Pellentesque scelerisque sem nisl, in lobortis arcu eleifend eget. Cras lobortis et arcu quis egestas. Nam ante dolor, eleifend eget ultrices at, faucibus eu ante. Duis quam nisi, cursus quis convallis a, tempor nec ipsum.

Donec nec sapien tempus orci suscipit vulputate. Duis est quam, aliquet non velit eget, rutrum sodales sapien. Aliquam eu aliquam velit. Vestibulum at bibendum velit. Nam dignissim porta dui, a aliquam libero. Etiam nec ex vel dui bibendum aliquet tincidunt at erat. Etiam eleifend mattis sem, non pulvinar nisl iaculis sit amet. Integer mattis, dui dapibus tempus euismod, libero enim pretium nunc, eu luctus elit diam nec nisi. Suspendisse varius velit tristique enim pulvinar consectetur a sed ligula. Nunc mattis purus nec arcu euismod tempus. Etiam tincidunt urna ac lorem aliquet, eu consequat dolor lobortis. Phasellus in ligula sodales, interdum orci egestas, ultricies justo. Nam egestas orci ut nisi fermentum luctus. In aliquet lorem ex, eu semper lectus hendrerit ac. Integer vitae placerat purus. Integer lacus neque, lobortis ut tincidunt sit amet, molestie sit amet nulla.

Nunc ut urna risus. Duis diam nisi, lacinia id lobortis et, dapibus ac metus. Aenean felis tortor, laoreet non dolor eu, aliquet placerat mauris. Pellentesque sit amet metus a ipsum aliquet mattis eget et turpis. Donec auctor sapien justo, non pretium diam euismod id. Pellentesque id mauris tincidunt, suscipit urna ut, congue nulla. Donec non nulla nulla.

Donec sit amet magna et massa sollicitudin ultricies eu eu orci. Fusce sed accumsan diam. Duis id molestie arcu. Suspendisse imperdiet ipsum nec tellus pulvinar, eget ornare sem porta. Nam porta aliquet enim id efficitur. Proin aliquam semper quam, ut efficitur metus rutrum faucibus. Integer quis hendrerit diam. Cras lacinia orci ut mollis lacinia. Proin vel odio consequat, scelerisque elit et, tincidunt nisl. Pellentesque in interdum odio.

Nunc ac sodales tellus. Duis et augue ac orci viverra tincidunt ut non mi. Donec id sem sit amet magna suscipit faucibus. Integer vestibulum interdum quam nec ornare. Aenean pulvinar volutpat sem, lacinia ultrices lacus. Nullam massa purus, convallis at dapibus vel, aliquam et sapien. In hac habitasse platea dictumst. Phasellus vel diam nibh. Vestibulum ut neque nec risus placerat pharetra. Donec tristique enim ut bibendum egestas. Maecenas quis venenatis nibh, vel placerat nisl. Morbi odio nibh, interdum et odio ac, posuere faucibus leo. Fusce eget mauris libero. Nulla rutrum fermentum est sit amet vehicula.

Mauris non auctor sem, at mollis libero. Praesent scelerisque orci placerat dignissim molestie. Nulla in quam ut est varius feugiat. Integer sit amet urna non nunc porttitor ultricies sit amet in velit. Sed nec semper nisi, vel maximus tellus. Mauris ornare ligula ut urna sodales, vestibulum semper justo aliquam. Fusce porttitor porttitor nisi, non venenatis leo iaculis a. Quisque quis risus ut nulla sagittis condimentum. In pharetra enim a mattis egestas. Donec at orci eget nulla mattis fringilla sit amet sed leo. Sed leo velit, auctor vitae nisl in, pharetra ornare mi. Donec pretium, purus et porta tincidunt, leo nisi molestie dui, a aliquam libero augue ut nisl. Lorem ipsum dolor sit amet, consectetur adipiscing elit. Nam rutrum auctor metus quis condimentum. Curabitur non mi sed ante sagittis sodales. Quisque id risus ac enim mattis feugiat non quis odio.

Aenean ut convallis ante. Vestibulum et efficitur tortor. Vestibulum vulputate augue est, in tempor nisl malesuada id. Interdum et malesuada fames ac ante ipsum primis in faucibus. Pellentesque rhoncus nibh et scelerisque placerat. Nulla facilisi. Nulla volutpat lectus in dignissim lobortis. Morbi vitae neque ac nulla suscipit facilisis. Mauris non magna massa. Vestibulum arcu orci, ornare ac ornare in, feugiat sed mauris. Donec vulputate, ipsum id volutpat viverra, ligula risus varius lacus, quis tempus mauris turpis sed urna. Etiam imperdiet auctor dui, a porttitor turpis bibendum at. Nam pharetra elementum magna, sed accumsan enim fermentum eget. Morbi dignissim eleifend tortor id posuere. Sed dignissim nunc et ex semper, tincidunt mattis justo sagittis.

Phasellus mi est, convallis et placerat eget, tincidunt id velit. Phasellus sit amet elementum diam. Nam a laoreet lorem. Nulla lobortis posuere enim porttitor cursus. Proin consectetur vehicula urna et egestas. Pellentesque sodales, ex convallis pulvinar aliquam, metus metus cursus tortor, eu sollicitudin quam est ut quam. Curabitur pulvinar ullamcorper nisl sed vehicula. Suspendisse eu nibh dui. Cras interdum orci id lectus ullamcorper tempor. In elementum vel dui sit amet bibendum. Fusce faucibus leo in elementum tincidunt. Duis consequat tincidunt interdum. Maecenas hendrerit rutrum purus vitae dictum. Vestibulum non massa cursus, tristique ex et, dignissim dui.

Etiam ut nulla quis turpis elementum facilisis consequat iaculis ex. Nullam rutrum vehicula ex, et pharetra diam iaculis non. Nullam vehicula, erat vel posuere finibus, nibh sem lobortis sapien, vel ultrices magna urna vel velit. Nunc vitae posuere ligula, quis pulvinar nisl. Vestibulum feugiat neque risus, eu dictum velit mollis non. Vivamus vitae euismod lacus. Vivamus id augue orci. Nulla at venenatis diam, id fermentum nisl. Duis vitae tristique nisi. In lacinia justo id nibh faucibus convallis. Pellentesque dignissim, risus eget dapibus lacinia, lectus ligula pulvinar orci, sed pellentesque nisi risus quis libero. Etiam a nibh blandit, ultricies arcu ac, tincidunt nibh. Aliquam erat volutpat. Quisque lobortis quam quam, et porta dui volutpat ut. Sed dolor elit, aliquam nec tellus ornare, ullamcorper porttitor sapien.

Cum sociis natoque penatibus et magnis dis parturient montes, nascetur ridiculus mus. Donec pretium rhoncus metus vel aliquet. Phasellus elementum arcu eu justo consectetur pellentesque. Nullam laoreet dapibus libero ut mattis. Duis accumsan sollicitudin massa, sed porttitor elit lobortis eu. Phasellus sed ornare lacus, nec consectetur libero. Sed aliquet orci ut ante mattis, accumsan feugiat mi scelerisque. Nam et luctus sapien. Nullam sit amet facilisis tortor. Aenean pellentesque luctus pharetra. Mauris sodales lectus eros, ac congue dolor interdum vitae.

Pellentesque in enim neque. Mauris ullamcorper tortor sapien. Pellentesque habitant morbi tristique senectus et netus et malesuada fames ac turpis egestas. Ut euismod pretium metus, id ultrices mi tincidunt quis. Sed a justo lacus. In cursus fringilla tellus, ut efficitur ex dapibus at. Maecenas nec ipsum leo. Donec lacinia nisi ac consequat placerat. Donec maximus nunc nec tortor fermentum aliquet. Proin viverra arcu est, aliquam accumsan lectus eleifend nec. Quisque pretium, quam et auctor sollicitudin, arcu neque interdum dolor, eget hendrerit tortor libero a neque. Nam blandit, massa eget porttitor tincidunt, eros mauris fermentum justo, vel lobortis ligula sem nec ex. Nulla vulputate a purus id lacinia. Pellentesque eget nunc in neque convallis pulvinar. Ut convallis, velit ac volutpat egestas, ante ex laoreet lacus, sed pretium tortor lacus at mi. In porta tellus a laoreet rhoncus.

Curabitur sapien sem, imperdiet quis quam sed, euismod maximus elit. Aenean dapibus gravida purus, vitae scelerisque elit. Nullam tristique sit amet risus eget tempus. Vestibulum vel dolor in velit malesuada finibus. Fusce luctus erat augue, vel semper sem luctus in. Quisque mi leo, porttitor eu purus eget, pulvinar sollicitudin sapien. Integer sit amet euismod ex. Morbi pellentesque porttitor nunc. Sed molestie faucibus massa, sit amet pulvinar nibh auctor auctor. Mauris euismod velit nec dolor posuere luctus. Maecenas id facilisis leo. Sed tempor ac nisi sed pharetra. Integer consectetur facilisis ipsum, ut gravida mi ultricies venenatis. Sed aliquet quis ante non lacinia. Nulla nulla turpis, facilisis non euismod sed, feugiat vel orci.

Integer ac venenatis leo. Duis vel condimentum nisi. Duis eget laoreet turpis. Vivamus vitae massa nulla. Suspendisse varius ut mi ut tincidunt. Praesent vel nibh nisi. Nunc sed semper est. Integer gravida mi ipsum, eget luctus augue ullamcorper vel. Nunc ultrices leo non risus efficitur luctus. Sed quam urna, molestie ut consectetur eget, hendrerit et turpis. Cras tempus auctor aliquam. Ut congue pretium aliquam. Mauris non nisl eget purus rhoncus cursus eget tincidunt massa. Aliquam lacinia neque justo, ut viverra tellus malesuada ut. Vestibulum aliquam dolor et tellus lobortis, quis malesuada tellus egestas. Vestibulum id consequat diam, ut efficitur purus.

Donec id gravida elit, placerat vulputate nisl. Nullam sit amet leo sed felis sodales porta. Fusce mollis orci libero, eu vehicula purus posuere id. In bibendum massa a nunc rhoncus sagittis. Cras vel metus consectetur orci iaculis dignissim. Pellentesque ut varius urna, eu dignissim nulla. Ut volutpat malesuada tellus, vel viverra velit. Nam porta neque in rutrum imperdiet.

Maecenas tincidunt ligula maximus congue eleifend. Duis ullamcorper metus lorem, non commodo ex ullamcorper nec. Nunc in metus sit amet augue viverra gravida. Nunc ut rhoncus leo. Donec quis rhoncus augue. Sed ultrices imperdiet leo, id molestie libero placerat vitae. Quisque vulputate porta tellus nec malesuada. Curabitur pharetra ornare ex placerat viverra. Proin vitae leo in odio lacinia mattis ut eget dui. Curabitur condimentum dictum nisl, ut maximus urna finibus eget. Proin aliquam facilisis ex. Donec ultricies venenatis purus. Nam sed risus mauris. Suspendisse congue arcu vitae lectus feugiat, sit amet faucibus sem elementum. Proin posuere a ante quis pellentesque.

Nulla et vehicula lacus. Proin lorem mi, hendrerit eget libero a, accumsan porttitor ex. Vivamus elementum lobortis libero ut volutpat. Maecenas dignissim ullamcorper nisi vel ultrices. Sed in finibus ex, in euismod nibh. Nulla porta placerat lacinia. Proin quis leo in quam aliquam faucibus vel sit amet dui. Interdum et malesuada fames ac ante ipsum primis in faucibus. Aenean odio turpis, pretium sed maximus at, lacinia at orci. Fusce ut luctus arcu. Nam scelerisque interdum enim, in pulvinar nibh rutrum id. Aliquam fermentum nisi augue, eget efficitur enim dictum id.

Nulla pharetra nibh ac ipsum faucibus ornare. Vestibulum at nisi pretium, blandit tellus vitae, cursus enim. Morbi lacinia id nisl sed ornare. Maecenas viverra in urna et rutrum. Donec malesuada nulla leo, id iaculis orci venenatis vitae. Fusce urna eros, laoreet sed imperdiet vel, viverra et ex. Etiam ut dictum diam. In scelerisque eros lorem, in vehicula nisl vulputate sit amet.

Nam efficitur fringilla fringilla. Nunc arcu turpis, semper quis felis id, pellentesque pretium enim. Nam maximus ante eu vulputate porttitor. Nam scelerisque iaculis lorem, quis feugiat diam vestibulum et. Suspendisse viverra dignissim tellus eget rutrum. In nunc urna, vestibulum lobortis libero ut, malesuada blandit felis. In hac habitasse platea dictumst. Fusce in erat ultrices, sodales enim sed, euismod dui. Donec et lobortis dui.

Nulla est erat, sollicitudin ac dolor id, ultricies placerat nibh. Aliquam non euismod dui. Nunc nec cursus lorem. Vivamus quis ullamcorper massa. Nam non posuere lectus, nec consectetur leo. Quisque quis lacus nunc. Donec elit lacus, venenatis efficitur est a, convallis egestas eros. Mauris scelerisque iaculis convallis. Pellentesque in varius odio.

Sed dapibus mauris nec urna mattis tincidunt. Sed sit amet consequat libero. Mauris vitae nisl nulla. Nunc risus enim, blandit vel ante nec, efficitur imperdiet ipsum. Fusce fermentum in mauris eu pulvinar. Ut nec pretium elit, ut fringilla ligula. Maecenas quis erat sodales lacus cursus vulputate. Vivamus vitae velit luctus, gravida leo aliquam, finibus sem.

Vestibulum id scelerisque erat, et ullamcorper eros. Sed sagittis leo non purus tempus, a laoreet massa finibus. Nullam lobortis augue sed ipsum venenatis pharetra. In facilisis felis vitae velit efficitur rhoncus. Pellentesque egestas leo eget odio elementum semper sed sed dolor. Phasellus ut lacinia odio. Quisque vitae est non nunc dapibus porttitor. Duis sollicitudin quam sit amet ex aliquam gravida. Sed rhoncus consectetur diam eu blandit. Aenean ac vulputate lorem.

Nulla sollicitudin molestie metus, vel ultricies arcu viverra a. Suspendisse purus eros, hendrerit et neque eu, rutrum mattis velit. Pellentesque fermentum tristique ipsum, volutpat vehicula magna finibus eget. Nam felis nunc, tincidunt nec condimentum nec, tempus nec augue. Praesent porttitor ut lorem eu blandit. Aliquam a nunc nisi. In hac habitasse platea dictumst. Nulla magna ligula, venenatis vitae rutrum non, venenatis a orci. Duis vitae tellus ut ipsum congue aliquet ut vitae leo. Nam metus velit, facilisis ut volutpat et, iaculis eget leo. Maecenas vel mattis magna. Etiam gravida blandit gravida. Sed gravida nisi mauris.

Phasellus fermentum dignissim purus, nec commodo tellus elementum sit amet. Morbi commodo pulvinar ipsum. Curabitur sagittis tempor ipsum, at pellentesque urna. Nullam finibus justo a nunc laoreet ullamcorper. Fusce pharetra lectus sed malesuada sodales. Sed mi sapien, euismod convallis tincidunt at, tincidunt vitae mauris. Aenean id sapien vel lorem ornare fermentum. Integer sit amet faucibus lacus. Donec et nulla quis lectus lacinia scelerisque. Nunc ut justo vitae libero porttitor porttitor eget vel dolor. Phasellus tincidunt tincidunt sem, sit amet ultricies orci. Proin consequat nibh ligula, eu porttitor lacus porta eget. Nullam bibendum laoreet odio sagittis lobortis. Nunc nec est et ligula ultrices porta ac sit amet augue. Ut ac consequat massa. Quisque eleifend enim ut diam posuere porttitor.

Maecenas lectus augue, blandit in bibendum nec, auctor et mauris. Aliquam rhoncus dapibus elit nec sollicitudin. Suspendisse rhoncus, turpis quis mollis tempus, ipsum massa pretium erat, in rhoncus mi orci at elit. Nullam ullamcorper dui iaculis ipsum maximus placerat. Pellentesque laoreet eu lorem non rutrum. Aliquam auctor tristique est luctus porttitor. Aliquam luctus efficitur rhoncus. Interdum et malesuada fames ac ante ipsum primis in faucibus. Proin vitae semper elit, in dignissim dui. Class aptent taciti sociosqu ad litora torquent per conubia nostra, per inceptos himenaeos. Quisque vitae aliquam dolor, eget dignissim urna.

Etiam ac neque quis arcu varius hendrerit. Pellentesque semper erat quis fringilla tempus. Nullam id molestie erat, eu tempor purus. Proin accumsan ultricies eros, ut hendrerit libero blandit id. Phasellus finibus nec magna a ultrices. Nunc a placerat neque. Vivamus elementum laoreet ex sit amet sodales. Mauris gravida aliquet arcu, at condimentum magna cursus sed.

Donec maximus accumsan lacinia. Curabitur rutrum, turpis ut mattis consequat, mi dui finibus dui, sed malesuada ex justo et nisi. Nullam vitae pellentesque velit. Sed sit amet tincidunt metus. Vivamus iaculis urna sit amet nisl rutrum placerat. Nulla sed sapien luctus, finibus velit tincidunt, molestie nisl. Curabitur quis velit neque. Suspendisse posuere, lorem in feugiat porta, dolor ligula venenatis tellus, ac bibendum risus massa nec enim. Cras ut congue arcu, ac sollicitudin tortor. Morbi tristique purus id metus fermentum, eget consectetur nunc posuere.

Duis elementum et nunc at egestas. In ac porta dui. Vestibulum luctus tristique arcu id egestas. Etiam eget tellus vel elit porta dignissim non sed ipsum. Quisque ullamcorper libero massa, quis mattis nulla condimentum a. Pellentesque habitant morbi tristique senectus et netus et malesuada fames ac turpis egestas. Maecenas et sollicitudin mauris. Nunc quis ornare lectus, nec dapibus ipsum.

Proin tempus in justo non convallis. Donec dapibus vitae est et pulvinar. Integer ipsum felis, volutpat non mi eu, ornare aliquet erat. Ut cursus nulla et nulla facilisis, id vehicula magna porta. Integer vel augue tincidunt, consectetur urna sed, hendrerit tortor. Aliquam consequat varius tellus a ultricies. Donec mollis ex vitae elit vestibulum feugiat. Aliquam mollis sollicitudin tempor. In ac lacus et ipsum tempor posuere et eget quam. Nulla lectus sem, convallis id tempus quis, euismod et felis. Pellentesque habitant morbi tristique senectus et netus et malesuada fames ac turpis egestas. Donec urna sem, sollicitudin sed molestie non, auctor a risus.

Lorem ipsum dolor sit amet, consectetur adipiscing elit. Vestibulum neque ex, mattis quis lacinia ut, malesuada sed lacus. Suspendisse sit amet consequat erat, eu imperdiet dolor. Nunc feugiat lectus viverra purus tristique feugiat. Mauris feugiat, magna non dignissim malesuada, orci nunc lacinia dui, vel placerat elit enim at purus. Phasellus mollis auctor tincidunt. Interdum et malesuada fames ac ante ipsum primis in faucibus. Etiam sed sodales libero.

Nulla ac quam finibus turpis ullamcorper sagittis. Maecenas efficitur ut augue eget faucibus. Proin convallis sagittis imperdiet. Curabitur at convallis leo. Aenean sodales, eros quis condimentum feugiat, augue libero volutpat libero, nec iaculis enim neque at dui. Donec nunc lacus, varius a volutpat nec, bibendum in est. In bibendum mollis leo, at pretium turpis iaculis id. Vivamus suscipit augue justo, ut imperdiet tellus tristique et. Aenean lobortis tellus vitae turpis tempus, eu porta sem ultrices. Proin suscipit nulla sem, vel semper lectus porttitor id. Nullam elementum lacus quis blandit vulputate. Cras pulvinar ex non arcu tempus volutpat. Vivamus pulvinar pulvinar elit sed convallis. Aliquam mi justo, laoreet non dolor at, luctus feugiat felis.

Cras sit amet justo eu quam finibus varius vel non nibh. Curabitur nec augue lacinia, fermentum lorem a, euismod est. Praesent auctor neque lacus, et pretium tellus fringilla ac. Donec in felis auctor, rutrum sapien eu, ornare dui. Nunc quis scelerisque urna. Sed condimentum, lectus ac aliquet ultrices, enim enim imperdiet enim, sed fringilla libero neque in nisi. Proin aliquam arcu nec ex accumsan, eget bibendum turpis sagittis. Etiam cursus ullamcorper enim, ut viverra nulla lobortis ac. Duis vel tempor dui. Sed semper neque ut viverra aliquam. Sed molestie non ante accumsan congue. Donec urna mi, elementum consequat vehicula vel, convallis sed arcu. Fusce ullamcorper congue neque eu placerat. Integer ligula libero, tristique in elit at, porttitor elementum dui. Donec in egestas felis.

Morbi elementum pharetra ipsum varius mollis. Phasellus pretium nulla lectus. Suspendisse finibus enim eu felis scelerisque dignissim. Etiam molestie leo eu sapien facilisis, eget feugiat nulla elementum. Curabitur in leo pulvinar, tristique felis eu, pharetra ante. Vivamus tortor lacus, aliquet et enim vitae, tincidunt pulvinar lectus. Suspendisse eget eros tristique, posuere augue suscipit, porttitor sem. Vivamus ut eleifend felis. Sed eget pharetra sapien. Cum sociis natoque penatibus et magnis dis parturient montes, nascetur ridiculus mus. Quisque ut justo a erat rutrum feugiat. Fusce ac lectus at justo ornare varius. Quisque aliquam ex neque, vitae fringilla urna accumsan varius.

Aliquam suscipit rutrum elit vel finibus. Quisque vulputate lectus et tellus posuere rutrum. Morbi a lectus sem. Mauris volutpat a mauris ac pretium. Sed nec consectetur risus, quis dignissim orci. Nam a lectus non metus euismod iaculis. Maecenas eu porttitor nisl. Interdum et malesuada fames ac ante ipsum primis in faucibus. Cras dictum enim ullamcorper diam tempor, a aliquam turpis volutpat. Sed at turpis fermentum, condimentum nisi non, sagittis dolor. Duis eget ipsum eleifend, feugiat sapien sed, volutpat lectus. Proin fringilla luctus mauris eu tempus. Quisque et ornare felis.

Integer rutrum tortor tortor, sed euismod tortor blandit et. Curabitur eu posuere ante. In bibendum vitae urna ut vestibulum. Etiam pellentesque ut justo sed tempus. Nam eget tempus lectus. Vestibulum ullamcorper ex sit amet elit consectetur, nec fermentum diam semper. Nunc in lacus nec quam mattis condimentum. Duis eleifend lectus ut est commodo, sit amet dictum sem efficitur. Curabitur ornare, velit ac ultrices facilisis, urna turpis condimentum ligula, eget pulvinar arcu tellus quis magna. Fusce eu quam laoreet purus tristique ultricies eget vitae tortor. Donec posuere aliquet viverra. Aenean varius blandit leo. Cras consectetur pharetra libero quis porta. Morbi commodo porta porttitor. Duis quis ante vel mauris iaculis accumsan ut quis velit. Maecenas bibendum vestibulum tempor.

Mauris eros sapien, mollis sit amet ultrices in, aliquet id enim. Integer imperdiet vel mi ut interdum. Donec ut malesuada nisi. Aliquam ac mi odio. Ut vel vulputate odio. Etiam suscipit, erat ac congue molestie, magna quam varius massa, eget imperdiet ex turpis at elit. Phasellus molestie mauris vitae scelerisque rhoncus. Duis feugiat justo nunc, iaculis rutrum eros fringilla quis. Vestibulum fermentum, tortor ut efficitur pretium, velit turpis suscipit turpis, sit amet ultrices leo ex vitae sapien. Nulla facilisi.

Nullam tincidunt justo vitae interdum vehicula. Sed non elit in justo faucibus lacinia. Maecenas lobortis nibh et euismod pretium. Etiam nec vulputate ex, eu viverra arcu. Quisque pulvinar, magna quis volutpat congue, felis ligula interdum velit, sed vulputate dui quam id orci. Nam velit enim, varius in est vel, malesuada viverra mauris. Sed sed diam in ante semper vehicula. Morbi et scelerisque elit.

Pellentesque non sodales est. Quisque ultrices quam ut lacus accumsan, vitae lobortis mi mollis. Donec suscipit, metus non sollicitudin suscipit, augue ligula fermentum nulla, lobortis porttitor nibh purus non libero. Quisque non hendrerit enim, venenatis consectetur ipsum. Pellentesque lacinia dui id eros sagittis gravida. Praesent dignissim auctor eros quis luctus. Vestibulum luctus turpis et diam dictum gravida. Class aptent taciti sociosqu ad litora torquent per conubia nostra, per inceptos himenaeos. Fusce lobortis gravida velit, sit amet fringilla odio varius sed. Sed molestie, libero sit amet imperdiet interdum, urna ex porttitor mauris, at ultricies eros est quis justo. Vivamus faucibus venenatis dolor. Pellentesque eu tellus consequat, congue dolor sit amet, lobortis ex. Fusce luctus dapibus nibh, vel porttitor turpis posuere et. Phasellus pellentesque posuere facilisis.

In in sagittis eros, quis consequat justo. Maecenas ornare, sapien ut fringilla tristique, nulla nisl fermentum est, eget cursus odio nunc at urna. Integer blandit lorem in tempor pretium. Nulla finibus, libero eu vehicula sagittis, lectus felis rhoncus neque, ut tempor risus neque ac leo. Quisque dolor risus, bibendum eget enim ac, egestas eleifend tortor. Duis a elit id lectus malesuada tincidunt in ac purus. Maecenas id justo in enim commodo sagittis. Aliquam erat volutpat. Nulla vel congue ante.

Duis porta dignissim massa vitae euismod. Duis et felis euismod, interdum nisi eu, eleifend diam. Vestibulum sodales interdum suscipit. Fusce semper ligula tortor, nec viverra nisl tincidunt nec. Praesent ut fermentum lectus. Etiam ac varius augue, non elementum nunc. Sed nec facilisis diam, in tempus enim. Sed non interdum massa, laoreet ullamcorper eros. Morbi mi lacus, volutpat eu iaculis quis, maximus ac velit. Praesent id diam imperdiet, viverra augue vel, pulvinar felis. Fusce fermentum, est a luctus ultricies, enim leo iaculis quam, nec posuere risus lacus at leo.

Phasellus sagittis iaculis lectus, eget blandit ante finibus non. Nam tincidunt, nisi eget imperdiet blandit, mi purus feugiat risus, a hendrerit lorem elit non libero. Etiam venenatis ligula a odio vestibulum porttitor. Interdum et malesuada fames ac ante ipsum primis in faucibus. Pellentesque imperdiet condimentum lectus vitae semper. Proin posuere ante et bibendum pharetra. Ut ac libero tortor. Suspendisse fermentum magna non varius semper. Curabitur vitae molestie est, id sollicitudin nibh. Ut posuere ex sem, eu dignissim lacus gravida eget. Donec cursus convallis felis at dignissim. Nunc convallis nibh eget semper semper. Praesent tristique ultricies velit, mattis lacinia purus tempus eget. Cras sit amet ante nec diam facilisis aliquet non nec nibh. Mauris ut luctus ligula, ornare viverra augue.

Nullam et dui quis arcu dapibus dapibus vel sed neque. Class aptent taciti sociosqu ad litora torquent per conubia nostra, per inceptos himenaeos. Cras diam metus, aliquet vitae tincidunt sit amet, rutrum eget odio. Fusce tortor enim, efficitur non placerat eu, aliquam nec lectus. Nam accumsan urna id ligula malesuada, non tristique metus ornare. Integer egestas neque posuere, tempor odio ac, finibus diam. Interdum et malesuada fames ac ante ipsum primis in faucibus. Ut molestie, dolor vel fermentum rhoncus, odio purus blandit lectus, maximus varius felis mi eu magna. Nullam at commodo erat. Curabitur blandit eros in sagittis ullamcorper. Ut porttitor dui nec lobortis aliquet. Suspendisse imperdiet ut ex et bibendum. Pellentesque quis quam sit amet lorem scelerisque fringilla.

Vivamus quis erat a eros semper ullamcorper. In sit amet arcu ipsum. Praesent porta feugiat ipsum, accumsan malesuada massa. Etiam ullamcorper gravida ipsum, porttitor venenatis purus aliquet eget. In et tortor ipsum. Nulla semper nulla magna. Nulla egestas mattis nibh vel molestie. Donec ante lectus, cursus eu justo interdum, gravida tincidunt libero. Mauris posuere, nisi quis sodales placerat, enim nunc convallis mauris, et accumsan eros lectus at mauris. Sed ultricies nisl vehicula consequat cursus. Integer feugiat nisi vitae lectus finibus maximus. In hac habitasse platea dictumst. Aliquam tempus luctus libero, id vulputate risus facilisis tempus. Donec condimentum mollis cursus. Aenean ornare porta vehicula. Maecenas at nisl at nibh sagittis ornare quis sed neque.

Aenean nec mollis arcu. Vivamus a quam cursus ante interdum lacinia tempus nec enim. Duis sagittis enim pretium, finibus quam eget, consectetur massa. Integer posuere sagittis tristique. In bibendum lobortis lorem, a iaculis lectus laoreet eget. Pellentesque viverra dolor quam, et condimentum erat pharetra eget. Lorem ipsum dolor sit amet, consectetur adipiscing elit. Mauris tempor urna nec convallis viverra. Cras vitae velit id tortor auctor eleifend at sit amet turpis. Cras luctus mauris nec magna lobortis facilisis. Integer aliquam hendrerit sapien in fringilla. Nam ut felis ligula. Integer pellentesque sagittis magna, at vulputate leo efficitur id.

Pellentesque euismod, urna ac fringilla aliquam, lacus odio euismod orci, non convallis eros erat sit amet velit. Maecenas dignissim aliquam justo, ac commodo nunc sagittis ut. In sit amet hendrerit nibh. Curabitur vulputate, nisl at fringilla volutpat, lacus nulla viverra elit, sed pulvinar urna nulla id elit. Nunc et elit enim. Aliquam ultrices placerat eros nec facilisis. Donec mollis ultricies luctus. Aliquam vitae dui odio.

Duis tempus pharetra neque, nec ultrices augue pharetra nec. Praesent id tincidunt urna. Ut laoreet metus eu nunc venenatis congue. Nam pulvinar aliquam sapien, eget venenatis dolor fermentum non. Maecenas metus sapien, aliquam at imperdiet non, fermentum ut velit. Aliquam erat volutpat. Ut vitae turpis dolor. Integer molestie arcu vitae quam viverra tincidunt. Quisque venenatis posuere libero, sed tempus mauris facilisis egestas. Maecenas in blandit diam. Vivamus condimentum sem eget nunc cursus imperdiet. Nam vulputate turpis vel tortor accumsan varius. Suspendisse sit amet viverra purus, ac facilisis augue. Fusce eget felis lorem. Sed ut arcu cursus, pretium libero vitae, lobortis elit.

Aliquam nibh massa, pellentesque vel tristique eget, mattis eu velit. Quisque diam tortor, iaculis non euismod a, blandit vel neque. Maecenas fermentum turpis eget turpis mollis, vel vulputate sem vehicula. Interdum et malesuada fames ac ante ipsum primis in faucibus. Vestibulum lobortis ex sit amet lorem consequat, sed pulvinar ante convallis. Nam blandit porta varius. Aliquam sed mi quis orci hendrerit semper pellentesque et lectus. Nunc ac rhoncus sem. Quisque pretium leo lacinia fringilla dapibus. Pellentesque eu mi vitae massa fermentum tempus quis id elit. Morbi vitae quam eu ipsum vestibulum luctus. Nulla ac venenatis turpis. Duis faucibus, metus at ornare mattis, leo metus accumsan justo, iaculis pulvinar orci metus vel risus. In a felis eget sapien sagittis euismod ac non sapien. Proin ornare tempor lacinia.

Donec semper convallis dui, ut feugiat nisi blandit non. Suspendisse viverra nulla leo, a vehicula nibh porta sed. Mauris ornare ante quis metus vulputate volutpat. Sed lorem justo, placerat in mollis quis, tincidunt at nisi. Nunc velit nunc, euismod sed nisi vitae, sodales sagittis purus. Aliquam sed pretium quam. Morbi condimentum orci rutrum mi iaculis, quis ultrices arcu iaculis. Ut ullamcorper, sem ac ultrices porta, leo massa ullamcorper est, ut semper tellus mauris eget velit. Etiam vel est ac libero imperdiet aliquet in ut tellus. Nunc gravida luctus sodales. Nulla convallis eu tellus iaculis placerat. Nullam nec posuere ex. Donec in commodo arcu. Quisque sit amet pharetra urna, in vulputate est. Aliquam ornare metus ac nisi laoreet viverra. Vestibulum nec erat est.

Curabitur sodales pharetra orci, vitae convallis ligula vestibulum id. Phasellus fermentum vel sapien ut semper. Duis tristique, nunc quis placerat suscipit, dolor ipsum tempus tortor, id lobortis neque nisl sed ex. Donec a viverra dui. Nam non mi sapien. Maecenas non malesuada dolor. In hac habitasse platea dictumst. Pellentesque mauris diam, gravida eget bibendum ut, iaculis at arcu. Aenean rutrum nibh quis tellus ultricies, a consectetur sapien sodales. Nam auctor cursus sem ut efficitur. Cras placerat, quam ut varius tristique, mi odio pulvinar ante, sed aliquet enim libero quis enim. Nullam varius sem et vulputate suscipit.

Nullam fringilla malesuada tortor, in posuere ipsum placerat quis. Donec faucibus imperdiet ante, vel aliquam velit malesuada vel. Pellentesque laoreet tortor sit amet sem aliquam tempor. In in erat maximus, imperdiet est nec, ultricies tortor. Donec lectus nisi, tincidunt vitae ex non, ultricies viverra ex. Curabitur vel justo in mauris consectetur condimentum. Nunc at auctor orci. Interdum et malesuada fames ac ante ipsum primis in faucibus. Donec tincidunt magna pretium, viverra enim a, tincidunt nisi. Sed et ultricies massa.

Nam accumsan tellus hendrerit nunc placerat, in rhoncus tellus rutrum. Ut rhoncus non lectus a efficitur. Praesent venenatis sem in elit aliquet consequat. Aliquam laoreet, eros eget mollis tempor, urna justo vehicula nunc, sed suscipit ipsum elit consectetur velit. Morbi facilisis fermentum justo, nec consequat quam fermentum vitae. Nunc dignissim at diam ac facilisis. Curabitur elementum massa et ligula fermentum, a consequat turpis interdum. Donec a sapien maximus, accumsan diam at, euismod nibh. Nullam lectus sapien, cursus nec pretium a, luctus eget est. Suspendisse eget ullamcorper quam. Ut ac varius urna. Nam vehicula cursus vulputate. Quisque nec rutrum neque. Quisque erat dui, interdum nec diam sed, vehicula dictum purus.

Duis bibendum venenatis fringilla. Vivamus vitae sagittis elit. Ut eget sagittis felis, dapibus mattis ex. Proin ac porta mauris, vel accumsan mi. Nam gravida leo augue, quis mollis leo gravida et. Pellentesque nec urna urna. Vestibulum id vulputate nunc. Proin congue lobortis elit, sit amet aliquet ligula vestibulum et. Proin volutpat lorem ac interdum ultrices. Etiam ornare ex ipsum, nec mattis erat congue cursus. Donec consequat faucibus ligula ac vulputate. Ut feugiat tincidunt urna, sagittis iaculis arcu fermentum vitae. Integer gravida diam in tellus dapibus feugiat.

Ut nunc odio, interdum ac dapibus in, suscipit non lorem. In hac habitasse platea dictumst. Ut efficitur ante quam, sed sollicitudin orci efficitur id. Nullam metus nunc, auctor in justo condimentum, tempor dictum mi. Vestibulum convallis dolor vitae commodo blandit. Morbi lacinia sem vitae purus laoreet luctus. Proin gravida, lacus ac dictum varius, ex erat consequat ex, viverra varius ex elit at lectus. Maecenas sit amet leo ipsum. Nullam convallis ante eu ex ultrices ultrices. Mauris sagittis neque vitae blandit placerat. Cras nisi massa, tempor sit amet sollicitudin sed, mattis quis quam. Nullam at scelerisque mauris, vitae lobortis felis. Vestibulum semper imperdiet lacus sit amet facilisis. Sed neque leo, finibus et neque at, eleifend tincidunt lorem.

Quisque ullamcorper urna ex, in vehicula dolor semper eu. Ut at bibendum ligula. Curabitur fermentum libero sed risus rutrum fringilla. Donec lobortis eleifend mollis. Ut sit amet posuere mauris. Pellentesque imperdiet nulla turpis, non gravida nisi condimentum id. Nullam varius facilisis nisi, porttitor ultricies lorem vulputate sit amet. Quisque viverra aliquet magna, a maximus mauris efficitur eget.

Praesent hendrerit sapien quis accumsan gravida. Maecenas sollicitudin quis dui sit amet pulvinar. Vestibulum ante ipsum primis in faucibus orci luctus et ultrices posuere cubilia Curae; Vestibulum sit amet diam egestas, egestas massa nec, consectetur magna. Quisque cursus enim ac interdum finibus. Aliquam pulvinar augue nec fermentum viverra. Quisque nisi nulla, cursus at mauris sit amet, bibendum scelerisque erat. Nulla sit amet leo nulla. Curabitur commodo venenatis ipsum, vel vestibulum turpis luctus vel. Etiam sed eleifend leo, nec rhoncus erat. Aenean vitae mi placerat, commodo est id, aliquam dolor. Donec sed turpis efficitur, rutrum risus fermentum, finibus sem. Suspendisse hendrerit libero justo, eu rhoncus leo suscipit eu. In ut arcu nisl. Aenean in volutpat leo. Donec at magna ac lectus malesuada ornare vitae sit amet odio.

Nullam sed sollicitudin sem. Pellentesque et varius augue. Etiam tempor risus ac urna egestas, ut vulputate lectus auctor. Mauris vel efficitur enim. Donec at lacus sed ex efficitur consequat vitae eget sem. Vestibulum et arcu diam. Duis consectetur, sapien vitae aliquet cursus, dolor nisl maximus quam, id aliquam quam odio at elit. Donec ut purus vitae lectus sagittis pharetra. Interdum et malesuada fames ac ante ipsum primis in faucibus. Morbi ac eros at neque efficitur dignissim. Nullam imperdiet metus ac malesuada viverra. Aenean fringilla nisl ultricies sem dictum, ac suscipit mauris pretium. Nulla facilisi. Etiam non dapibus purus. Aenean aliquam eleifend cursus. Duis eget laoreet lectus, sit amet ultrices sem.

Curabitur quis ex interdum, tincidunt leo at, vulputate ante. Phasellus blandit, lacus non tempor auctor, ex massa viverra massa, eu euismod justo magna non neque. Proin condimentum nisl ut dictum mollis. Interdum et malesuada fames ac ante ipsum primis in faucibus. Phasellus porttitor nunc quam, nec mattis mauris sodales et. Nunc ut tincidunt nulla, a porttitor arcu. Nam ac sapien tristique lorem tempor gravida. Nunc eu scelerisque libero, eget maximus elit. Aliquam gravida enim a elit fermentum, ac pharetra tellus fermentum. Sed ornare nisl eu orci gravida gravida. Maecenas at semper felis. Sed posuere scelerisque massa, eget semper purus.

Mauris tincidunt diam lorem, at interdum sem lacinia a. Nullam ullamcorper, lacus eget dapibus volutpat, quam sem eleifend est, quis dapibus nunc justo a enim. Aenean tempor vitae ligula quis ornare. Nam ultricies interdum sapien, ac posuere nulla bibendum nec. Vestibulum consectetur luctus commodo. Integer viverra risus vitae semper placerat. Cras ut venenatis urna. Fusce sodales lacinia elit, eget molestie ante lacinia vitae. Aenean semper sodales ex nec dignissim. Nulla aliquet volutpat laoreet. Aliquam risus nulla, sagittis ac fringilla vitae, rutrum eu neque.

Nullam rhoncus non dui sit amet interdum. Vestibulum viverra neque sed aliquam semper. Maecenas in libero at justo condimentum pretium. Suspendisse hendrerit viverra sem, suscipit efficitur urna mollis sit amet. Etiam vitae vulputate orci. Donec id nisi vitae libero cursus feugiat. Nunc malesuada tortor leo, eu ullamcorper massa volutpat eget.

Mauris facilisis egestas sapien, sit amet consequat turpis. Integer vel nisi euismod, interdum libero sit amet, mattis sapien. Maecenas aliquam erat odio, sed scelerisque felis euismod id. Donec quis bibendum nunc. Maecenas ac suscipit sem, eget iaculis turpis. Donec rutrum velit a sem vestibulum gravida. Nunc lacus lacus, posuere eget justo vel, malesuada scelerisque odio. Sed a neque venenatis, malesuada urna placerat, facilisis enim. Nunc tortor arcu, euismod et odio vel, sodales consectetur sem. Donec vestibulum ex non maximus pretium. Fusce pharetra urna et quam viverra, at porttitor sem bibendum. In hac habitasse platea dictumst. Integer justo nulla, ullamcorper nec tellus id, gravida condimentum ex. Morbi ut purus nisl. Aliquam erat volutpat. Nam vitae dapibus lorem, quis mattis augue.

Nunc blandit tortor purus, sed venenatis purus cursus id. Integer pellentesque ultricies lacus id consectetur. Vivamus egestas, massa congue pretium aliquam, turpis ex accumsan mauris, quis iaculis sapien neque nec dui. Suspendisse lacinia lobortis tempor. Donec viverra libero id ligula tincidunt, eu finibus leo lacinia. Aliquam eros leo, dignissim sit amet placerat eu, rhoncus sit amet massa. Mauris sed odio neque. Nullam auctor tempus mi id ultrices. Nam a posuere metus.

Proin justo sapien, efficitur ultrices maximus nec, tempor quis nibh. Maecenas nec nibh semper, tempus sem ac, ullamcorper est. Vestibulum et sapien vel risus malesuada luctus nec ac justo. Nulla tempus lacinia ex eu tempor. Proin eget nunc at ligula sagittis bibendum. Cras sed iaculis metus, in efficitur tellus. Cras maximus dignissim justo, eu ultrices urna ultrices a. Sed tempor sem in sapien pulvinar volutpat. Phasellus malesuada a ante in condimentum. Nulla quam elit, interdum sit amet ligula nec, ultrices suscipit tortor. Proin ac purus vel nisi.